Workbook

Sheet Tableau1
A1: Transaction ID | B1: Date | C1: Compte | D1: Description | E1: Fonds | F1: Devise | G1: Montant | H1: Frais? | I1: Amount | J1: Statut | K1: Ecart | L1: Statut final
A2: TX002 | B2: 46268 | C2: 616100 | D2: Custody Fee | E2: Alpha | F2: EUR | G2: 3500 | H2: Yes | I2: 3500 | J2: OK | K2: 0 | L2: ok
A3: TX005 | B3: 46273 | C3: 616000 | D3: Management Fee | E3: Alpha | F3: USD | G3: 1800 | H3: Yes | I3: 1800 | J3: OK | K3: 0 | L3: ok
A4: TX001 | B4: 46267 | C4: 616000 | D4: Management Fee | E4: Alpha | F4: EUR | G4: 1250 | H4: Yes | I4: 1250 | J4: OK | K4: 0 | L4: ok
A5: TX006 | B5: 46274 | C5: 616100 | D5: Custody Fee | E5: Alpha | F5: EUR | G5: 950 | H5: Yes | I5: 1000 | J5: BREAK | K5: 50 | L5: Break

Sheet Ledger
A1: Transaction ID | B1: Date | C1: Compte | D1: Description | E1: Fonds | F1: Devise | G1: Montant | H1: SOMME.SI.ENS
A2: TX001 | B2: 46267 | C2: 616000 | D2: Management Fee | E2: Alpha | F2: EUR | G2: 1250 | H2: =+SUMIFS(G:G,D:D,"Management Fee",E:E,"Alpha",F:F,"EUR") -> 1250
A3: TX002 | B3: 46268 | C3: 616100 | D3: Custody Fee | E3: Alpha | F3: EUR | G3: 3500 | H3: =+SUMIFS(G:G,D:D,"Custody Fee",E:E,"Alpha",F:F,"EUR") -> 4450
A4: TX003 | B4: 46269 | C4: 751000 | D4: Dividend Income | E4: Alpha | F4: EUR | G4: 2050 | H4: =+SUMIFS(G:G,E:E,"Alpha",F:F,"EUR") -> 20700
A5: TX004 | B5: 46270 | C5: 550000 | D5: Bank Transfer | E5: Alpha | F5: EUR | G5: 8750 | H5: =+SUMIFS(G:G,E:E,"Alpha") -> 22500
A6: TX005 | B6: 46273 | C6: 616000 | D6: Management Fee | E6: Alpha | F6: USD | G6: 1800
A7: TX006 | B7: 46274 | C7: 616100 | D7: Custody Fee | E7: Alpha | F7: EUR | G7: 950
A8: TX007 | B8: 46275 | C8: 751000 | D8: Dividend Income | E8: Alpha | F8: EUR | G8: 4200
A9: TX008 | B9: 46276 | C9: 616000 | D9: Management Fee | E9: Beta | F9: EUR | G9: 2100
A10: TX009 | B10: 46277 | C10: 616100 | D10: Custody Fee | E10: Beta | F10: EUR | G10: 1800
A11: TX010 | B11: 46280 | C11: 751000 | D11: Dividend Income | E11: Beta | F11: USD | G11: 3200

Sheet TCD1 
A3: Somme de Montant | B3: Étiquettes de colonnes
A4: Étiquettes de lignes | B4: EUR | C4: USD | D4: Total général
A5: Alpha | B5: 20700 | C5: 1800 | D5: 22500
A6: 550000 | B6: 8750 | D6: 8750
A7: 616000 | B7: 1250 | C7: 1800 | D7: 3050
A8: 616100 | B8: 4450 | D8: 4450
A9: 751000 | B9: 6250 | D9: 6250
A10: Beta | B10: 3900 | C10: 3200 | D10: 7100
A11: 616000 | B11: 2100 | D11: 2100
A12: 616100 | B12: 1800 | D12: 1800
A13: 751000 | C13: 3200 | D13: 3200
A14: Total général | B14: 24600 | C14: 5000 | D14: 29600

Sheet Tableau3
A1: Transaction ID | B1: Date | C1: Description | D1: Amount | E1: Ledger Amount (XLOOKUP) | F1: Ledger Account (VLOOKUP) | G1: Statut
A2: TX001 | B2: 46267 | C2: ALTER DOMUS FEES | D2: 1250 | E2: 1250 | F2: 616000 | G2: OK
A3: TX002 | B3: 46268 | C3: CUSTODY FEE | D3: 3500 | E3: 3500 | F3: 616100 | G3: OK
A4: TX003 | B4: 46269 | C4: DIVIDEND | D4: 2050 | E4: 2050 | F4: 751000 | G4: OK
A5: TX004 | B5: 46270 | C5: BANK TRANSFER | D5: 8750 | E5: 8750 | F5: 550000 | G5: OK
A6: TX005 | B6: 46273 | C6: MANAGEMENT FEE USD | D6: 1800 | E6: 1800 | F6: 616000 | G6: OK
A7: TX006 | B7: 46274 | C7: CUSTODY FEE | D7: 1000 | E7: 950 | F7: 616100 | G7: BREAK
A8: TX007 | B8: 46275 | C8: DIVIDEND | D8: 4200 | E8: 4200 | F8: 751000 | G8: OK
A9: TX011 | B9: 46281 | C9: BANK CHARGE | D9: 75 | E9: Non trouvé | F9: Non trouvé | G9: NON TROUVE

Sheet Bank
A1: Transaction ID | B1: Date | C1: Description | D1: Amount | E1: Ledger Amount (XLOOKUP) | F1: Ledger Account (VLOOKUP) | G1: Statut
A2: TX001 | B2: 46267 | C2: ALTER DOMUS FEES | D2: 1250 | E2: =+_xlfn.XLOOKUP(A2,Ledger!A:A,Ledger!G:G,"Non trouvé") -> 1250 | F2: =+IFERROR(VLOOKUP(A2,Ledger!A:C,3,FALSE),"Non trouvé") -> 616000 | G2: =+IF(E2="Non trouvé","NON TROUVE",IF(D2=E2,"OK","BREAK")) -> OK | H2: =+_xlfn.XLOOKUP(A2,Ledger!A:A,Ledger!G:G,"non trouvé") -> 1250
A3: TX002 | B3: 46268 | C3: CUSTODY FEE | D3: 3500 | E3: =+_xlfn.XLOOKUP(A3,Ledger!A:A,Ledger!G:G,"Non trouvé") -> 3500 | F3: =+IFERROR(VLOOKUP(A3,Ledger!A:C,3,FALSE),"Non trouvé") -> 616100 | G3: =+IF(E3="Non trouvé","NON TROUVE",IF(D3=E3,"OK","BREAK")) -> OK | H3: =+_xlfn.XLOOKUP(A3,Ledger!A:A,Ledger!G:G,"non trouvé") -> 3500
A4: TX003 | B4: 46269 | C4: DIVIDEND | D4: 2050 | E4: =+_xlfn.XLOOKUP(A4,Ledger!A:A,Ledger!G:G,"Non trouvé") -> 2050 | F4: =+IFERROR(VLOOKUP(A4,Ledger!A:C,3,FALSE),"Non trouvé") -> 751000 | G4: =+IF(E4="Non trouvé","NON TROUVE",IF(D4=E4,"OK","BREAK")) -> OK | H4: =+_xlfn.XLOOKUP(A4,Ledger!A:A,Ledger!G:G,"non trouvé") -> 2050
A5: TX004 | B5: 46270 | C5: BANK TRANSFER | D5: 8750 | E5: =+_xlfn.XLOOKUP(A5,Ledger!A:A,Ledger!G:G,"Non trouvé") -> 8750 | F5: =+IFERROR(VLOOKUP(A5,Ledger!A:C,3,FALSE),"Non trouvé") -> 550000 | G5: =+IF(E5="Non trouvé","NON TROUVE",IF(D5=E5,"OK","BREAK")) -> OK | H5: =+_xlfn.XLOOKUP(A5,Ledger!A:A,Ledger!G:G,"non trouvé") -> 8750
A6: TX005 | B6: 46273 | C6: MANAGEMENT FEE USD | D6: 1800 | E6: =+_xlfn.XLOOKUP(A6,Ledger!A:A,Ledger!G:G,"Non trouvé") -> 1800 | F6: =+IFERROR(VLOOKUP(A6,Ledger!A:C,3,FALSE),"Non trouvé") -> 616000 | G6: =+IF(E6="Non trouvé","NON TROUVE",IF(D6=E6,"OK","BREAK")) -> OK | H6: =+_xlfn.XLOOKUP(A6,Ledger!A:A,Ledger!G:G,"non trouvé") -> 1800
A7: TX006 | B7: 46274 | C7: CUSTODY FEE | D7: 1000 | E7: =+_xlfn.XLOOKUP(A7,Ledger!A:A,Ledger!G:G,"Non trouvé") -> 950 | F7: =+IFERROR(VLOOKUP(A7,Ledger!A:C,3,FALSE),"Non trouvé") -> 616100 | G7: =+IF(E7="Non trouvé","NON TROUVE",IF(D7=E7,"OK","BREAK")) -> BREAK | H7: =+_xlfn.XLOOKUP(A7,Ledger!A:A,Ledger!G:G,"non trouvé") -> 950
A8: TX007 | B8: 46275 | C8: DIVIDEND | D8: 4200 | E8: =+_xlfn.XLOOKUP(A8,Ledger!A:A,Ledger!G:G,"Non trouvé") -> 4200 | F8: =+IFERROR(VLOOKUP(A8,Ledger!A:C,3,FALSE),"Non trouvé") -> 751000 | G8: =+IF(E8="Non trouvé","NON TROUVE",IF(D8=E8,"OK","BREAK")) -> OK | H8: =+_xlfn.XLOOKUP(A8,Ledger!A:A,Ledger!G:G,"non trouvé") -> 4200
A9: TX011 | B9: 46281 | C9: BANK CHARGE | D9: 75 | E9: =+_xlfn.XLOOKUP(A9,Ledger!A:A,Ledger!G:G,"Non trouvé") -> Non trouvé | F9: =+IFERROR(VLOOKUP(A9,Ledger!A:C,3,FALSE),"Non trouvé") -> Non trouvé | G9: =+IF(E9="Non trouvé","NON TROUVE",IF(D9=E9,"OK","BREAK")) -> NON TROUVE | H9: =+_xlfn.XLOOKUP(A9,Ledger!A:A,Ledger!G:G,"non trouvé") -> non trouvé

Sheet TCD2
A3: Étiquettes de lignes | B3: Nombre de Transaction ID
A4: BREAK | B4: 1
A5: NON TROUVE | B5: 1
A6: OK | B6: 6
A7: Total général | B7: 8
